date,etf_close,etf_amount,etf_turnover,etf_amplitude,etf_change_pct,pe_1,pe_2,dividend_yield_1,dividend_yield_2,commodity_close,source_error_count
2023-03-08,0.821,25077169.0,0.73,0.97,-0.61,,,,,105.8,0.0
2023-03-10,0.805,20698807.0,0.61,1.59,-1.59,,,,,134.0,0.0
2023-03-13,0.803,21983288.0,0.65,1.37,-0.25,,,,,125.03,0.0
2023-03-14,0.793,18253798.0,0.55,2.86,-1.25,,,,,110.79,0.0
2023-03-15,0.795,18419264.0,0.55,1.13,0.25,,,,,106.2,0.0
2023-03-16,0.779,19816289.0,0.6,1.89,-2.01,,,,,109.25,0.0
2023-03-17,0.78,27743458.0,0.85,1.54,0.13,,,,,104.2,0.0
2023-03-20,0.779,17149156.0,0.53,1.28,-0.13,,,,,94.26,0.0
2023-03-21,0.787,78608980.0,2.39,1.28,1.03,,,,,104.25,0.0
2023-03-22,0.789,20899229.0,0.63,1.4,0.25,,,,,97.31,0.0
2023-03-23,0.786,25116899.0,0.76,0.89,-0.38,,,,,106.61,0.0
2023-03-24,0.783,15802141.0,0.48,0.89,-0.38,,,,,100.8,0.0
2023-03-27,0.782,18511894.0,0.57,1.15,-0.13,,,,,102.5,0.0
2023-03-28,0.789,55198810.0,1.67,2.94,0.9,,,,,105.9,0.0
2023-03-29,0.783,23926652.0,0.73,1.9,-0.76,,,,,106.3,0.0
2023-03-30,0.785,20277186.0,0.62,1.66,0.26,,,,,107.48,0.0
2023-03-31,0.787,23295830.0,0.7,1.66,0.25,,,,,107.48,0.0
2023-04-03,0.789,24632608.0,0.75,1.02,0.25,,,,,124.5,0.0
2023-04-04,0.777,37884888.0,1.16,2.03,-1.52,,,,,112.31,0.0
2023-04-06,0.778,16667063.0,0.51,0.9,0.13,,,,,103.8,0.0
2023-04-07,0.784,29128814.0,0.89,1.16,0.77,,,,,103.8,0.0
2023-04-10,0.786,22119127.0,0.67,0.64,0.26,,,,,103.8,0.0
2023-04-11,0.786,19039261.0,0.58,0.76,0.0,,,,,103.5,0.0
2023-04-12,0.781,21506247.0,0.66,1.27,-0.64,,,,,101.51,0.0
2023-04-13,0.773,21346334.0,0.66,1.15,-1.02,,,,,99.8,0.0
2023-04-14,0.779,28397803.0,0.87,1.29,0.78,,,,,98.75,0.0
2023-04-17,0.794,32950037.0,1.0,2.18,1.93,,,,,98.75,0.0
2023-04-18,0.795,24607287.0,0.74,1.13,0.13,,,,,102.0,0.0
2023-04-19,0.786,21158606.0,0.64,1.38,-1.13,,,,,95.5,0.0
2023-04-20,0.771,28161003.0,0.87,3.05,-1.91,,,,,96.8,0.0
2023-04-21,0.752,23349668.0,0.73,2.59,-2.46,,,,,97.5,0.0
2023-04-24,0.741,19119478.0,0.61,2.26,-1.46,,,,,94.7,0.0
2023-04-25,0.726,29981396.0,0.98,2.97,-2.02,,,,,94.0,0.0
2023-04-26,0.735,29790688.0,0.97,2.75,1.24,,,,,91.0,0.0
2023-04-27,0.737,19362469.0,0.63,1.5,0.27,,,,,91.0,0.0
2023-04-28,0.733,29299128.0,0.96,1.36,-0.54,,,,,91.0,0.0
2023-05-04,0.726,22003070.0,0.72,1.09,-0.95,,,,,80.85,0.0
2023-05-05,0.719,34433193.0,1.14,2.34,-0.96,,,,,81.84,0.0
2023-05-08,0.721,18467736.0,0.61,1.39,0.28,,,,,81.84,0.0
2023-05-09,0.713,22944252.0,0.76,1.53,-1.11,,,,,82.7,0.0
2023-05-10,0.72,31553248.0,1.05,1.82,0.98,,,,,80.3,0.0
2023-05-11,0.72,19022241.0,0.63,1.11,0.0,,,,,80.45,0.0
2023-05-12,0.71,24760041.0,0.83,2.08,-1.39,,,,,76.25,0.0
2023-05-15,0.723,30175723.0,1.01,2.11,1.83,,,,,75.0,0.0
2023-05-16,0.72,24796262.0,0.82,1.11,-0.41,,,,,73.8,0.0
2023-05-17,0.717,19606938.0,0.65,0.83,-0.42,,,,,72.75,0.0
2023-05-18,0.709,25672813.0,0.86,1.81,-1.12,,,,,69.1,0.0
2023-05-19,0.71,16737628.0,0.57,1.13,0.14,,,,,67.83,0.0
2023-05-22,0.716,21193871.0,0.71,1.69,0.85,,,,,65.05,0.0
2023-05-23,0.712,24536568.0,0.82,0.98,-0.56,,,,,67.2,0.0
2023-05-24,0.708,24815523.0,0.84,1.4,-0.56,,,,,64.6,0.0
2023-05-25,0.701,27996805.0,0.95,1.69,-0.99,,,,,57.9,0.0
2023-05-26,0.696,20441783.0,0.7,1.28,-0.71,,,,,57.8,0.0
2023-05-29,0.686,83576205.0,2.91,2.3,-1.44,,,,,57.8,0.0
2023-05-30,0.682,27341629.0,0.96,2.04,-0.58,,,,,58.5,0.0
2023-05-31,0.676,19112146.0,0.67,1.17,-0.88,,,,,60.57,0.0
2023-06-01,0.681,30445916.0,1.06,2.07,0.74,,,,,54.75,0.0
2023-06-02,0.703,34204191.0,1.17,3.08,3.23,,,,,54.02,0.0
2023-06-05,0.699,21284595.0,0.73,1.14,-0.57,,,,,69.05,0.0
2023-06-06,0.693,21522426.0,0.74,1.43,-0.86,,,,,60.89,0.0
2023-06-07,0.686,21886834.0,0.76,2.02,-1.01,,,,,62.96,0.0
2023-06-08,0.689,25919572.0,0.9,1.46,0.44,,,,,63.75,0.0
2023-06-09,0.685,23940890.0,0.83,1.6,-0.58,,,,,79.18,0.0
2023-06-12,0.692,27603932.0,0.96,2.04,1.02,,,,,73.25,0.0
2023-06-13,0.691,18488022.0,0.64,0.87,-0.14,,,,,90.3,0.0
2023-06-14,0.694,20800965.0,0.71,1.45,0.43,,,,,95.47,0.0
2023-06-15,0.707,22186767.0,0.76,2.45,1.87,,,,,98.11,0.0
2023-06-16,0.707,23960520.0,0.81,1.27,0.0,,,,,82.15,0.0
2023-06-19,0.699,20899034.0,0.71,1.41,-1.13,,,,,87.72,0.0
2023-06-20,0.695,15428474.0,0.53,1.0,-0.57,,,,,92.79,0.0
2023-06-21,0.688,27398043.0,0.94,2.01,-1.01,,,,,94.36,0.0
2023-06-26,0.687,26653583.0,0.93,1.74,-0.15,,,,,81.1,0.0
2023-06-27,0.697,36071998.0,1.24,1.46,1.46,,,,,86.0,0.0
2023-06-28,0.696,15394309.0,0.53,1.29,-0.14,,,,,84.0,0.0
2023-06-29,0.688,12395665.0,0.43,1.72,-1.15,,,,,86.5,0.0
2023-06-30,0.699,29029591.0,0.99,2.62,1.6,,,,,93.0,0.0
2023-07-03,0.703,17373891.0,0.59,1.29,0.57,,,,,84.01,0.0
2023-07-04,0.703,10027237.0,0.34,0.85,0.0,,,,,86.55,0.0
2023-07-05,0.701,23100808.0,0.79,0.85,-0.28,,,,,83.5,0.0
2023-07-06,0.695,20199501.0,0.69,1.28,-0.86,,,,,80.17,0.0
2023-07-07,0.691,23479433.0,0.81,1.01,-0.58,,,,,81.0,0.0
2023-07-10,0.702,26235496.0,0.89,1.74,1.59,,,,,72.76,0.0
2023-07-11,0.707,25268340.0,0.86,1.57,0.71,,,,,71.9,0.0
2023-07-12,0.709,40639564.0,1.37,1.7,0.28,,,,,127.5,0.0
2023-07-13,0.715,26104494.0,0.87,0.71,0.85,,,,,127.0,0.0
2023-07-14,0.711,22262587.0,0.75,0.84,-0.56,,,,,126.0,0.0
2023-07-17,0.706,24100181.0,0.82,1.27,-0.7,,,,,128.0,0.0
2023-07-18,0.712,28612540.0,0.96,1.27,0.85,,,,,134.75,0.0
2023-07-19,0.71,22509905.0,0.76,0.84,-0.28,,,,,135.0,0.0
2023-07-20,0.716,44734862.0,1.49,2.25,0.85,,,,,141.0,0.0
2023-07-21,0.714,32621485.0,1.09,1.54,-0.28,,,,,116.66,0.0
2023-07-24,0.703,36541863.0,1.24,1.54,-1.54,,,,,119.45,0.0
2023-07-25,0.719,46775322.0,1.56,1.85,2.28,,,,,122.46,0.0
2023-07-26,0.724,36405913.0,1.2,1.25,0.7,,,,,114.95,0.0
2023-07-27,0.719,40882240.0,1.35,1.38,-0.69,,,,,133.3,0.0
2023-07-28,0.729,43591914.0,1.44,2.09,1.39,,,,,127.22,0.0
2023-07-31,0.734,158316756.0,5.14,1.65,0.69,,,,,131.08,0.0
2023-08-01,0.735,41923018.0,1.36,1.09,0.14,,,,,107.18,0.0
2023-08-02,0.73,32008041.0,1.05,1.22,-0.68,,,,,106.74,0.0
2023-08-03,0.731,28431814.0,0.93,0.82,0.14,,,,,109.3,0.0
2023-08-04,0.73,34648075.0,1.13,1.5,-0.14,,,,,108.53,0.0
2023-08-07,0.724,32204234.0,1.06,1.37,-0.82,,,,,108.0,0.0
2023-08-08,0.727,63727789.0,2.11,1.66,0.41,,,,,109.28,0.0
2023-08-09,0.726,42321616.0,1.4,0.69,-0.14,,,,,123.97,0.0
2023-08-10,0.728,22694002.0,0.75,0.96,0.28,,,,,134.91,0.0
2023-08-11,0.716,32119189.0,1.07,2.06,-1.65,,,,,120.18,0.0
2023-08-14,0.709,34001677.0,1.15,1.68,-0.98,,,,,120.98,0.0
2023-08-15,0.704,29062115.0,0.99,1.55,-0.71,,,,,132.17,0.0
2023-08-16,0.699,25215349.0,0.86,1.14,-0.71,,,,,126.0,0.0
2023-08-17,0.699,31526685.0,1.08,1.43,0.0,,,,,126.75,0.0
2023-08-18,0.69,32132016.0,1.1,1.57,-1.29,,,,,129.98,0.0
2023-08-21,0.681,23646190.0,0.82,1.74,-1.3,,,,,133.85,0.0
2023-08-22,0.679,33030351.0,1.16,2.5,-0.29,,,,,137.19,0.0
2023-08-23,0.666,24755896.0,0.88,1.91,-1.91,,,,,128.08,0.0
2023-08-24,0.671,22642985.0,0.81,1.5,0.75,,,,,113.0,0.0
2023-08-25,0.669,25720645.0,0.92,1.49,-0.3,,,,,117.67,0.0
2023-08-28,0.674,24727749.0,0.86,4.48,0.75,,,,,117.67,0.0
2023-08-29,0.681,20376853.0,0.72,1.93,1.04,,,,,118.08,0.0
2023-08-30,0.681,25669096.0,0.9,1.17,0.0,,,,,119.8,0.0
2023-08-31,0.677,21287287.0,0.75,1.17,-0.59,,,,,114.01,0.0
2023-09-01,0.685,18267042.0,0.64,1.33,1.18,,,,,116.25,0.0
2023-09-04,0.7,30446049.0,1.04,2.04,2.19,,,,,108.46,0.0
2023-09-05,0.697,29794331.0,1.02,1.0,-0.43,,,,,110.91,0.0
2023-09-06,0.697,21769465.0,0.75,1.29,0.0,,,,,103.26,0.0
2023-09-07,0.687,21002851.0,0.73,1.43,-1.43,,,,,106.09,0.0
2023-09-08,0.681,17442792.0,0.61,1.02,-0.87,,,,,109.0,0.0
2023-09-11,0.684,25854443.0,0.9,1.17,0.44,,,,,113.2,0.0
2023-09-12,0.687,14409403.0,0.5,0.88,0.44,,,,,110.15,0.0
2023-09-13,0.683,28709881.0,1.0,1.6,-0.58,,,,,117.0,0.0
2023-09-14,0.68,16741492.0,0.59,1.02,-0.44,,,,,109.87,0.0
2023-09-15,0.674,22923788.0,0.81,1.47,-0.88,,,,,111.39,0.0
2023-09-18,0.675,18004279.0,0.64,1.63,0.15,,,,,106.85,0.0
2023-09-19,0.673,12224044.0,0.43,0.74,-0.3,,,,,111.29,0.0
2023-09-20,0.67,18388915.0,0.66,0.74,-0.45,,,,,108.46,0.0
2023-09-21,0.665,17204419.0,0.62,1.19,-0.75,,,,,111.1,0.0
2023-09-22,0.671,22375899.0,0.8,1.35,0.9,,,,,113.25,0.0
2023-09-25,0.667,12038764.0,0.43,0.75,-0.6,,,,,116.51,0.0
2023-09-26,0.66,17419037.0,0.63,1.2,-1.05,,,,,110.2,0.0
2023-09-27,0.66,26409969.0,0.95,1.52,0.0,,,,,110.1,0.0
2023-09-28,0.659,120084175.0,4.36,1.06,-0.15,,,,,109.71,0.0
2023-10-09,0.655,27772682.0,1.01,1.06,-0.61,,,,,106.6,0.0
2023-10-10,0.652,15796104.0,0.58,1.53,-0.46,,,,,124.64,0.0
2023-10-11,0.652,14928714.0,0.55,1.23,0.0,,,,,116.8,0.0
2023-10-12,0.659,26060452.0,0.95,1.38,1.07,,,,,134.29,0.0
2023-10-13,0.652,14796283.0,0.54,1.21,-1.06,,,,,138.98,0.0
2023-10-16,0.644,123991770.0,4.6,1.69,-1.23,,,,,121.75,0.0
2023-10-17,0.65,20472430.0,0.75,1.24,0.93,,,,,122.64,0.0
2023-10-18,0.638,21455895.0,0.8,1.69,-1.85,,,,,123.9,0.0
2023-10-19,0.629,19828766.0,0.75,1.72,-1.41,,,,,125.5,0.0
2023-10-20,0.631,20083013.0,0.76,1.75,0.32,,,,,124.33,0.0
2023-10-23,0.617,23994489.0,0.93,3.01,-2.22,,,,,126.65,0.0
2023-10-24,0.619,20902100.0,0.81,0.97,0.32,,,,,122.09,0.0
2023-10-25,0.627,11936306.0,0.45,1.62,1.29,,,,,126.7,0.0
2023-10-26,0.627,20518516.0,0.79,1.44,0.0,,,,,126.4,0.0
2023-10-27,0.645,31763968.0,1.19,3.67,2.87,,,,,127.45,0.0
2023-10-30,0.656,30570359.0,1.12,2.95,1.71,,,,,126.0,0.0
2023-10-31,0.655,16900828.0,0.62,1.37,-0.15,,,,,126.0,0.0
2023-11-01,0.648,15773810.0,0.58,1.07,-1.07,,,,,124.97,0.0
2023-11-02,0.643,19028677.0,0.7,1.54,-0.77,,,,,126.0,0.0
2023-11-03,0.646,16034626.0,0.59,1.09,0.47,,,,,122.09,0.0
2023-11-06,0.656,26480472.0,0.97,1.39,1.55,,,,,114.41,0.0
2023-11-07,0.653,74463209.0,2.72,1.07,-0.46,,,,,118.47,0.0
2023-11-08,0.645,22227237.0,0.82,1.68,-1.23,,,,,115.46,0.0
2023-11-09,0.648,28605428.0,1.05,1.55,0.47,,,,,122.5,0.0
2023-11-10,0.643,17388473.0,0.65,0.77,-0.77,,,,,117.85,0.0
2023-11-13,0.645,17326679.0,0.65,1.24,0.31,,,,,117.74,0.0
2023-11-14,0.643,21962445.0,0.81,1.4,-0.31,,,,,119.11,0.0
2023-11-15,0.649,21184636.0,0.78,0.93,0.93,,,,,117.49,0.0
2023-11-16,0.642,18979894.0,0.71,1.23,-1.08,,,,,115.99,0.0
2023-11-17,0.639,10830683.0,0.4,0.62,-0.47,,,,,113.1,0.0
2023-11-20,0.641,18572350.0,0.69,1.25,0.31,,,,,116.0,0.0
2023-11-21,0.642,23690578.0,0.88,0.94,0.16,,,,,110.77,0.0
2023-11-22,0.631,20790365.0,0.78,1.56,-1.71,,,,,114.67,0.0
2023-11-23,0.635,17626222.0,0.67,0.79,0.63,,,,,119.51,0.0
2023-11-24,0.631,23562781.0,0.89,1.1,-0.63,,,,,118.0,0.0
2023-11-27,0.625,23176060.0,0.89,1.9,-0.95,,,,,113.3,0.0
2023-11-28,0.627,22295060.0,0.85,1.12,0.32,,,,,109.35,0.0
2023-11-29,0.623,23432863.0,0.9,1.12,-0.64,,,,,100.15,0.0
2023-11-30,0.621,20333758.0,0.78,1.44,-0.32,,,,,100.15,0.0
2023-12-01,0.615,25272939.0,0.98,1.61,-0.97,,,,,110.33,0.0
2023-12-04,0.613,10477308.0,0.41,0.81,-0.33,,,,,101.8,0.0
2023-12-05,0.605,16303200.0,0.64,2.28,-1.31,,,,,95.65,0.0
2023-12-06,0.61,19818506.0,0.77,1.82,0.83,,,,,98.12,0.0
2023-12-07,0.606,19500186.0,0.77,2.3,-0.66,,,,,101.01,0.0
2023-12-08,0.605,26465509.0,1.04,0.99,-0.17,,,,,97.78,0.0
2023-12-11,0.61,35643152.0,1.41,2.48,0.83,,,,,90.7,0.0
2023-12-12,0.611,13055889.0,0.51,0.82,0.16,,,,,87.0,0.0
2023-12-13,0.599,14817298.0,0.59,2.45,-1.96,,,,,89.35,0.0
2023-12-14,0.597,15167995.0,0.6,1.34,-0.33,,,,,86.47,0.0
2023-12-15,0.596,15518075.0,0.62,1.34,-0.17,,,,,83.53,0.0
2023-12-18,0.588,11599447.0,0.47,1.51,-1.34,,,,,88.37,0.0
2023-12-19,0.589,15430892.0,0.63,0.85,0.17,,,,,82.81,0.0
2023-12-20,0.585,63429839.0,2.59,1.36,-0.68,,,,,84.03,0.0
2023-12-21,0.587,15022624.0,0.61,1.71,0.34,,,,,86.64,0.0
2023-12-22,0.593,14197083.0,0.57,2.56,1.02,,,,,86.06,0.0
2023-12-25,0.594,16979661.0,0.68,1.18,0.17,,,,,86.06,0.0
2023-12-26,0.594,18003455.0,0.72,0.84,0.0,,,,,86.06,0.0
2023-12-27,0.592,19747452.0,0.8,1.18,-0.34,,,,,90.34,0.0
2023-12-28,0.61,26536009.0,1.05,3.55,3.04,,,,,85.25,0.0
2023-12-29,0.612,17675447.0,0.69,0.82,0.33,,,,,79.95,0.0
2023-12-31,0.612,17675447.0,0.69,0.82,0.33,,,,,79.95,0.0
2024-01-02,0.605,16716136.0,0.66,1.31,-1.14,,,,,76.0,0.0
2024-01-03,0.607,13859440.0,0.55,0.83,0.33,,,,,82.29,0.0
2024-01-04,0.603,28731074.0,1.14,1.81,-0.66,,,,,85.15,0.0
2024-01-05,0.596,18927235.0,0.75,2.49,-1.16,,,,,86.04,0.0
2024-01-08,0.586,19928990.0,0.81,2.18,-1.68,,,,,79.1,0.0
2024-01-09,0.584,24624781.0,1.01,1.71,-0.34,,,,,77.55,0.0
2024-01-10,0.583,15346856.0,0.63,2.05,-0.17,,,,,77.45,0.0
2024-01-11,0.584,18553366.0,0.76,2.06,0.17,,,,,76.49,0.0
2024-01-12,0.585,16726304.0,0.68,1.71,0.17,,,,,79.25,0.0
2024-01-15,0.577,16569106.0,0.68,1.54,-1.37,,,,,74.37,0.0
2024-01-16,0.577,23665982.0,0.98,1.73,0.0,,,,,73.04,0.0
2024-01-17,0.56,24323773.0,1.02,2.95,-2.95,,,,,68.35,0.0
2024-01-18,0.563,26543440.0,1.15,3.39,0.54,,,,,68.62,0.0
2024-01-19,0.564,27407691.0,1.16,1.95,0.18,,,,,69.9,0.0
2024-01-22,0.543,22843400.0,0.98,4.26,-3.72,,,,,67.83,0.0
2024-01-23,0.548,36779844.0,1.61,3.13,0.92,,,,,66.66,0.0
2024-01-24,0.553,24014222.0,1.05,2.92,0.91,,,,,70.93,0.0
2024-01-25,0.566,22076973.0,0.94,2.89,2.35,,,,,68.1,0.0
2024-01-26,0.565,26673380.0,1.12,1.41,-0.18,,,,,68.47,0.0
2024-01-29,0.556,26842955.0,1.14,2.48,-1.59,,,,,69.95,0.0
2024-01-30,0.544,24805989.0,1.08,3.06,-2.16,,,,,73.3,0.0
2024-01-31,0.533,30215454.0,1.34,2.76,-2.02,,,,,73.3,0.0
2024-02-01,0.531,26346878.0,1.18,2.63,-0.38,,,,,70.79,0.0
2024-02-02,0.518,31120158.0,1.43,6.03,-2.45,,,,,71.94,0.0
2024-02-05,0.516,29829400.0,1.39,6.37,-0.39,,,,,69.06,0.0
2024-02-06,0.547,35091290.0,1.57,7.56,6.01,,,,,69.59,0.0
2024-02-07,0.572,24554476.0,1.04,4.75,4.57,,,,,69.2,0.0
2024-02-08,0.577,27481360.0,1.12,3.67,0.87,,,,,67.99,0.0
2024-02-19,0.578,19202856.0,0.79,1.73,0.17,,,,,57.7,0.0
2024-02-20,0.58,22324441.0,0.92,1.56,0.35,,,,,57.9,0.0
2024-02-21,0.586,23952939.0,0.97,3.79,1.03,,,,,59.17,0.0
2024-02-22,0.59,22053550.0,0.89,1.02,0.68,,,,,56.9,0.0
2024-02-23,0.59,29361153.0,1.19,1.36,0.0,,,,,57.94,0.0
2024-02-26,0.59,14709452.0,0.59,1.53,0.0,,,,,59.2,0.0
2024-02-27,0.596,15955427.0,0.64,1.69,1.02,,,,,60.8,0.0
2024-02-28,0.589,41201779.0,1.65,3.19,-1.17,,,,,63.2,0.0
2024-02-29,0.604,29800862.0,1.19,3.57,2.55,,,,,63.2,0.0
2024-03-01,0.607,27928131.0,1.1,0.83,0.5,,,,,63.85,0.0
2024-03-04,0.602,25133210.0,0.99,1.65,-0.82,,,,,66.61,0.0
2024-03-05,0.6,25070996.0,1.0,0.83,-0.33,,,,,68.27,0.0
2024-03-06,0.601,16861798.0,0.67,1.67,0.17,,,,,65.75,0.0
2024-03-07,0.601,29653046.0,1.17,1.5,0.0,,,,,65.48,0.0
2024-03-08,0.602,21032765.0,0.83,1.5,0.17,,,,,66.41,0.0
2024-03-11,0.612,20535549.0,0.81,1.99,1.66,,,,,62.02,0.0
2024-03-12,0.613,22252922.0,0.87,1.31,0.16,,,,,62.8,0.0
2024-03-13,0.609,23775241.0,0.93,0.98,-0.65,,,,,61.5,0.0
2024-03-14,0.605,23067553.0,0.91,2.13,-0.66,,,,,65.87,0.0
2024-03-15,0.614,34171258.0,1.34,2.31,1.49,,,,,68.73,0.0
2024-03-18,0.618,33243331.0,1.29,1.47,0.65,,,,,74.3,0.0
2024-03-19,0.614,18546545.0,0.72,0.97,-0.65,,,,,74.5,0.0
2024-03-20,0.614,19478954.0,0.76,0.65,0.0,,,,,70.71,0.0
2024-03-21,0.608,17116069.0,0.67,1.3,-0.98,,,,,68.25,0.0
2024-03-22,0.6,21303759.0,0.85,1.81,-1.32,,,,,70.14,0.0
2024-03-25,0.595,22808929.0,0.91,1.5,-0.83,,,,,72.71,0.0
2024-03-26,0.604,27815815.0,1.11,2.35,1.51,,,,,69.75,0.0
2024-03-27,0.594,24675847.0,0.98,1.66,-1.66,,,,,69.69,0.0
2024-03-28,0.599,26502172.0,1.05,2.02,0.84,,,,,67.91,0.0
2024-03-29,0.611,19550142.0,0.77,2.17,2.0,,,,,67.91,0.0
2024-04-01,0.623,33750361.0,1.3,2.78,1.96,,,,,67.91,0.0
2024-04-02,0.63,29049534.0,1.1,1.28,1.12,,,,,64.81,0.0
2024-04-03,0.632,25775253.0,0.97,1.59,0.32,,,,,63.88,0.0
2024-04-08,0.625,32702345.0,1.23,1.9,-1.11,,,,,69.14,0.0
2024-04-09,0.634,32912846.0,1.25,1.6,1.44,,,,,68.15,0.0
2024-04-10,0.628,27575426.0,1.05,1.26,-0.95,,,,,68.01,0.0
2024-04-11,0.63,29924544.0,1.14,2.07,0.32,,,,,73.64,0.0
2024-04-12,0.623,25263990.0,0.96,1.9,-1.11,,,,,76.16,0.0
2024-04-15,0.633,32663916.0,1.24,3.05,1.61,,,,,77.97,0.0
2024-04-16,0.614,29009407.0,1.11,3.32,-3.0,,,,,83.65,0.0
2024-04-17,0.627,31074784.0,1.19,2.61,2.12,,,,,79.53,0.0
2024-04-18,0.629,23524269.0,0.89,2.07,0.32,,,,,80.86,0.0
2024-04-19,0.637,52152862.0,1.96,2.23,1.27,,,,,77.06,0.0
2024-04-22,0.629,45101631.0,1.7,1.88,-1.26,,,,,73.2,0.0
2024-04-23,0.613,20964649.0,0.81,2.38,-2.54,,,,,71.49,0.0
2024-04-24,0.615,15517954.0,0.61,1.31,0.33,,,,,73.09,0.0
2024-04-25,0.617,15480119.0,0.6,1.46,0.33,,,,,74.71,0.0
2024-04-26,0.626,24485778.0,0.94,2.43,1.46,,,,,73.3,0.0
2024-04-29,0.645,33518357.0,1.26,3.67,3.04,,,,,69.35,0.0
2024-04-30,0.637,26910951.0,1.0,1.24,-1.24,,,,,72.32,0.0
2024-05-06,0.662,39061026.0,1.43,3.14,3.92,,,,,72.32,0.0
2024-05-07,0.668,48004008.0,1.72,1.81,0.91,,,,,74.91,0.0
2024-05-08,0.658,32817416.0,1.19,1.8,-1.5,,,,,75.05,0.0
2024-05-09,0.664,32130287.0,1.16,1.67,0.91,,,,,75.75,0.0
2024-05-10,0.66,21434780.0,0.78,1.66,-0.6,,,,,72.68,0.0
2024-05-13,0.657,25287749.0,0.92,1.21,-0.45,,,,,71.94,0.0
2024-05-14,0.651,18877175.0,0.69,1.22,-0.91,,,,,72.09,0.0
2024-05-15,0.651,36951068.0,1.36,1.38,0.0,,,,,71.32,0.0
2024-05-16,0.647,29719361.0,1.09,1.08,-0.61,,,,,73.95,0.0
2024-05-17,0.657,40941146.0,1.51,2.63,1.55,,,,,74.43,0.0
2024-05-20,0.658,33298489.0,1.21,1.83,0.15,,,,,76.55,0.0
2024-05-21,0.651,23098500.0,0.85,1.82,-1.06,,,,,79.15,0.0
2024-05-22,0.65,23229459.0,0.85,0.92,-0.15,,,,,83.44,0.0
2024-05-23,0.636,37360399.0,1.4,2.0,-2.15,,,,,85.41,0.0
2024-05-24,0.635,18662073.0,0.7,0.94,-0.16,,,,,81.95,0.0
2024-05-27,0.639,22173871.0,0.83,1.42,0.63,,,,,81.95,0.0
2024-05-28,0.634,24070552.0,0.9,1.41,-0.78,,,,,80.79,0.0
2024-05-29,0.636,20372692.0,0.77,1.58,0.32,,,,,81.84,0.0
2024-05-30,0.636,26820193.0,1.0,1.89,0.0,,,,,83.89,0.0
2024-05-31,0.629,16326160.0,0.62,1.26,-1.1,,,,,83.09,0.0
2024-06-03,0.622,28715305.0,1.1,1.75,-1.11,,,,,87.29,0.0
2024-06-04,0.631,25736907.0,0.98,2.25,1.45,,,,,81.57,0.0
2024-06-05,0.627,14572728.0,0.55,1.11,-0.63,,,,,79.13,0.0
2024-06-06,0.624,23410380.0,0.89,1.59,-0.48,,,,,78.79,0.0
2024-06-07,0.62,24383557.0,0.94,1.92,-0.64,,,,,78.96,0.0
2024-06-11,0.622,20597677.0,0.8,1.13,0.32,,,,,80.51,0.0
2024-06-12,0.62,25538572.0,0.98,1.13,-0.32,,,,,82.66,0.0
2024-06-13,0.612,13197120.0,0.51,1.77,-1.29,,,,,84.39,0.0
2024-06-14,0.611,22178822.0,0.87,1.63,-0.16,,,,,83.56,0.0
2024-06-17,0.61,23415079.0,0.92,1.8,-0.16,,,,,80.64,0.0
2024-06-18,0.612,17762422.0,0.69,1.15,0.33,,,,,81.41,0.0
2024-06-19,0.606,21560992.0,0.85,1.31,-0.98,,,,,82.76,0.0
2024-06-20,0.6,24971232.0,0.99,1.82,-0.99,,,,,80.47,0.0
2024-06-21,0.602,14549477.0,0.58,1.67,0.33,,,,,79.15,0.0
2024-06-24,0.594,35630977.0,1.43,1.99,-1.33,,,,,80.74,0.0
2024-06-25,0.599,30457914.0,1.21,2.36,0.84,,,,,80.95,0.0
2024-06-26,0.605,17897147.0,0.71,2.34,1.0,,,,,79.65,0.0
2024-06-27,0.593,26768857.0,1.08,3.14,-1.98,,,,,79.9,0.0
2024-06-28,0.591,29501402.0,1.19,1.35,-0.34,,,,,81.31,0.0
2024-06-30,0.591,29501402.0,1.19,1.35,-0.34,,,,,81.31,0.0
2024-07-01,0.603,34087304.0,1.36,2.37,2.03,,,,,78.05,0.0
2024-07-02,0.589,18549966.0,0.74,2.82,-2.32,,,,,78.46,0.0
2024-07-03,0.586,19075789.0,0.78,1.02,-0.51,,,,,76.35,0.0
2024-07-04,0.582,26715130.0,1.09,1.37,-0.68,,,,,78.4,0.0
2024-07-05,0.585,27004036.0,1.11,1.55,0.52,,,,,77.29,0.0
2024-07-08,0.573,23244248.0,0.96,2.05,-2.05,,,,,74.85,0.0
2024-07-09,0.575,23313812.0,0.97,2.44,0.35,,,,,72.22,0.0
2024-07-10,0.571,18984497.0,0.79,1.39,-0.7,,,,,71.0,0.0
2024-07-11,0.589,22814814.0,0.93,3.68,3.15,,,,,71.94,0.0
2024-07-12,0.59,21397842.0,0.87,1.02,0.17,,,,,72.87,0.0
2024-07-15,0.585,17882410.0,0.73,1.02,-0.85,,,,,73.01,0.0
2024-07-16,0.581,20964275.0,0.86,1.2,-0.68,,,,,76.23,0.0
2024-07-17,0.578,19851494.0,0.82,1.2,-0.52,,,,,73.06,0.0
2024-07-18,0.58,24861466.0,1.03,1.9,0.35,,,,,75.3,0.0
2024-07-19,0.581,19075915.0,0.79,1.9,0.17,,,,,73.66,0.0
2024-07-22,0.573,14629938.0,0.61,2.07,-1.38,,,,,74.08,0.0
2024-07-23,0.554,14338670.0,0.61,3.32,-3.32,,,,,72.6,0.0
2024-07-24,0.547,18802527.0,0.82,1.99,-1.26,,,,,76.05,0.0
2024-07-25,0.547,21128824.0,0.92,1.28,0.0,,,,,74.58,0.0
2024-07-26,0.555,26014218.0,1.12,2.38,1.46,,,,,76.0,0.0
2024-07-29,0.547,16623309.0,0.72,2.16,-1.44,,,,,79.75,0.0
2024-07-30,0.543,16015856.0,0.71,2.38,-0.73,,,,,80.95,0.0
2024-07-31,0.563,16581446.0,0.71,4.24,3.68,,,,,86.65,0.0
2024-08-01,0.554,11118991.0,0.47,3.2,-1.6,,,,,90.11,0.0
2024-08-02,0.548,13063234.0,0.57,1.62,-1.08,,,,,90.9,0.0
2024-08-05,0.538,22501399.0,0.99,3.1,-1.82,,,,,87.67,0.0
2024-08-06,0.542,17756639.0,0.78,1.67,0.74,,,,,89.95,0.0
2024-08-07,0.543,15315488.0,0.68,1.66,0.18,,,,,95.28,0.0
2024-08-08,0.548,19288480.0,0.84,2.58,0.92,,,,,98.64,0.0
2024-08-09,0.544,19758900.0,0.86,2.01,-0.73,,,,,97.94,0.0
2024-08-12,0.54,14232555.0,0.63,0.74,-0.74,,,,,97.35,0.0
2024-08-13,0.541,14824517.0,0.66,1.67,0.19,,,,,95.32,0.0
2024-08-14,0.528,13896417.0,0.63,2.96,-2.4,,,,,94.38,0.0
2024-08-15,0.529,19616992.0,0.88,2.46,0.19,,,,,95.65,0.0
2024-08-16,0.526,20411609.0,0.93,1.13,-0.57,,,,,94.83,0.0
2024-08-19,0.527,14230433.0,0.64,1.9,0.19,,,,,95.84,0.0
2024-08-20,0.52,16138673.0,0.74,1.9,-1.33,,,,,91.85,0.0
2024-08-21,0.52,14859720.0,0.68,1.35,0.0,,,,,89.27,0.0
2024-08-22,0.516,14065918.0,0.65,1.15,-0.77,,,,,87.95,0.0
2024-08-23,0.517,17514899.0,0.81,1.94,0.19,,,,,88.0,0.0
2024-08-26,0.519,16664449.0,0.77,1.35,0.39,,,,,88.0,0.0
2024-08-27,0.519,16191047.0,0.75,0.96,0.0,,,,,94.92,0.0
2024-08-28,0.522,17499017.0,0.8,0.96,0.58,,,,,94.28,0.0
2024-08-29,0.526,21735552.0,0.99,1.92,0.77,,,,,95.01,0.0
2024-08-30,0.536,26251862.0,1.17,4.37,1.9,,,,,95.49,0.0
2024-09-02,0.526,11752707.0,0.53,1.87,-1.87,,,,,92.72,0.0
2024-09-03,0.533,12804596.0,0.58,2.09,1.33,,,,,88.8,0.0
2024-09-04,0.532,18440421.0,0.83,1.5,-0.19,,,,,85.44,0.0
2024-09-05,0.527,18732611.0,0.85,2.07,-0.94,,,,,86.39,0.0
2024-09-06,0.519,14160122.0,0.65,2.09,-1.52,,,,,87.63,0.0
2024-09-09,0.517,24282496.0,1.12,1.54,-0.39,,,,,89.75,0.0
2024-09-10,0.513,19115863.0,0.89,2.13,-0.77,,,,,85.63,0.0
2024-09-11,0.516,23841065.0,1.11,1.75,0.58,,,,,87.19,0.0
2024-09-12,0.514,20792370.0,0.96,1.55,-0.39,,,,,84.61,0.0
2024-09-13,0.509,19862307.0,0.93,1.56,-0.97,,,,,85.91,0.0
2024-09-18,0.512,20433644.0,0.96,1.96,0.59,,,,,85.47,0.0
2024-09-19,0.521,20967106.0,0.97,3.32,1.76,,,,,78.87,0.0
2024-09-20,0.517,18795867.0,0.87,1.73,-0.77,,,,,83.3,0.0
2024-09-23,0.516,16907427.0,0.78,1.35,-0.19,,,,,86.9,0.0
2024-09-24,0.543,33537678.0,1.51,4.84,5.23,,,,,86.78,0.0
2024-09-25,0.544,22968125.0,1.0,2.95,0.18,,,,,91.15,0.0
2024-09-26,0.569,33894619.0,1.45,4.96,4.6,,,,,90.5,0.0
2024-09-27,0.598,5406347.0,0.22,4.22,5.1,,,,,91.8,0.0
2024-09-30,0.658,33924960.0,1.26,6.52,10.03,,,,,91.8,0.0
2024-10-08,0.679,51154371.0,1.78,10.79,3.19,,,,,96.39,0.0
2024-10-09,0.623,29109080.0,1.09,6.48,-8.25,,,,,96.27,0.0
2024-10-10,0.624,26300814.0,1.0,4.01,0.16,,,,,100.13,0.0
2024-10-11,0.601,13420730.0,0.53,4.65,-3.69,,,,,99.19,0.0
2024-10-14,0.611,9398869.0,0.37,2.83,1.66,,,,,100.79,0.0
2024-10-15,0.598,18686290.0,0.74,2.62,-2.13,,,,,99.3,0.0
2024-10-16,0.596,17044865.0,0.68,2.17,-0.33,,,,,98.31,0.0
2024-10-17,0.584,18770355.0,0.76,3.19,-2.01,,,,,98.51,0.0
2024-10-18,0.602,27393598.0,1.1,5.31,3.08,,,,,98.3,0.0
2024-10-21,0.603,15472111.0,0.61,2.16,0.17,,,,,100.25,0.0
2024-10-22,0.612,17259532.0,0.68,2.16,1.49,,,,,102.94,0.0
2024-10-23,0.621,17969824.0,0.69,2.61,1.47,,,,,103.81,0.0
2024-10-24,0.61,19533921.0,0.76,1.77,-1.77,,,,,108.17,0.0
2024-10-25,0.626,16532942.0,0.63,4.1,2.62,,,,,111.25,0.0
2024-10-28,0.63,17385818.0,0.66,2.24,0.64,,,,,108.4,0.0
2024-10-29,0.617,15395043.0,0.59,2.86,-2.06,,,,,107.66,0.0
2024-10-30,0.615,9275944.0,0.36,1.78,-0.32,,,,,105.01,0.0
2024-10-31,0.615,11308583.0,0.44,1.46,0.0,,,,,99.0,0.0
2024-11-01,0.619,14562839.0,0.56,2.93,0.65,,,,,98.42,0.0
2024-11-04,0.625,10653159.0,0.41,1.29,0.97,,,,,103.17,0.0
2024-11-05,0.642,24434838.0,0.92,3.04,2.72,,,,,102.63,0.0
2024-11-06,0.646,18652516.0,0.69,2.18,0.62,,,,,102.79,0.0
2024-11-07,0.655,20522548.0,0.76,2.63,1.39,,,,,104.94,0.0
2024-11-08,0.656,17618180.0,0.64,2.29,0.15,,,,,106.57,0.0
2024-11-11,0.664,18645976.0,0.68,2.44,1.22,,,,,111.35,0.0
2024-11-12,0.66,27657470.0,0.99,3.77,-0.6,,,,,110.66,0.0
2024-11-13,0.66,16395889.0,0.6,2.12,0.0,,,,,111.39,0.0
2024-11-14,0.644,18899188.0,0.69,2.88,-2.42,,,,,116.94,0.0
2024-11-15,0.636,17309460.0,0.64,1.86,-1.24,,,,,115.78,0.0
2024-11-18,0.629,16243506.0,0.61,3.14,-1.1,,,,,119.22,0.0
2024-11-19,0.642,18325542.0,0.69,3.02,2.07,,,,,115.5,0.0
2024-11-20,0.647,23306908.0,0.86,1.56,0.78,,,,,116.75,0.0
2024-11-21,0.647,18900569.0,0.7,1.7,0.0,,,,,121.6,0.0
2024-11-22,0.624,17633963.0,0.66,3.71,-3.55,,,,,116.81,0.0
2024-11-25,0.624,16672712.0,0.64,2.08,0.0,,,,,119.81,0.0
2024-11-26,0.617,12920477.0,0.5,1.12,-1.12,,,,,116.83,0.0
2024-11-27,0.627,13818011.0,0.53,3.08,1.62,,,,,116.54,0.0
2024-11-28,0.621,15531982.0,0.59,1.59,-0.96,,,,,115.6,0.0
2024-11-29,0.627,12235172.0,0.47,2.09,0.97,,,,,115.6,0.0
2024-12-02,0.633,13181687.0,0.5,1.75,0.96,,,,,121.15,0.0
2024-12-03,0.63,12574743.0,0.48,1.58,-0.47,,,,,121.16,0.0
2024-12-04,0.622,14182476.0,0.54,1.9,-1.27,,,,,117.73,0.0
2024-12-05,0.621,11540628.0,0.44,0.48,-0.16,,,,,115.86,0.0
2024-12-06,0.63,16962991.0,0.65,1.93,1.45,,,,,115.95,0.0
2024-12-09,0.631,12892487.0,0.49,1.43,0.16,,,,,111.58,0.0
2024-12-10,0.634,15803814.0,0.59,2.85,0.48,,,,,112.89,0.0
2024-12-11,0.635,9973884.0,0.37,0.95,0.16,,,,,110.3,0.0
2024-12-12,0.642,17642037.0,0.66,1.73,1.1,,,,,105.77,0.0
2024-12-13,0.626,15974087.0,0.6,2.8,-2.49,,,,,102.81,0.0
2024-12-16,0.62,14761898.0,0.57,1.92,-0.96,,,,,98.51,0.0
2024-12-17,0.621,12957084.0,0.5,1.45,0.16,,,,,104.17,0.0
2024-12-18,0.62,14634381.0,0.56,0.81,-0.16,,,,,101.83,0.0
2024-12-19,0.617,14799972.0,0.58,1.13,-0.48,,,,,108.49,0.0
2024-12-20,0.615,13211017.0,0.51,0.97,-0.32,,,,,109.57,0.0
2024-12-23,0.614,15831630.0,0.61,1.46,-0.16,,,,,114.67,0.0
2024-12-24,0.62,12337586.0,0.48,1.63,0.98,,,,,116.07,0.0
2024-12-25,0.615,14550733.0,0.56,1.77,-0.81,,,,,116.07,0.0
2024-12-26,0.617,7500405.0,0.29,0.49,0.33,,,,,116.07,0.0
2024-12-27,0.616,21085190.0,0.82,0.97,-0.16,,,,,119.94,0.0
2024-12-30,0.618,14189708.0,0.55,0.97,0.32,,,,,120.42,0.0
2024-12-31,0.607,15944795.0,0.62,2.27,-1.78,,,,,125.66,0.0
2025-01-02,0.592,16298996.0,0.65,3.29,-2.47,,,,,123.9,0.0
2025-01-03,0.589,15383012.0,0.62,2.53,-0.51,,,,,124.1,0.0
2025-01-06,0.594,13948309.0,0.56,1.87,0.85,,,,,117.54,0.0
2025-01-07,0.595,16276635.0,0.66,1.52,0.17,,,,,119.18,0.0
2025-01-08,0.585,17053432.0,0.7,3.19,-1.68,,,,,112.98,0.0
2025-01-09,0.586,9884344.0,0.4,1.54,0.17,,,,,113.8,0.0
2025-01-10,0.58,10738117.0,0.44,2.05,-1.02,,,,,113.76,0.0
2025-01-13,0.584,16866796.0,0.69,1.9,0.69,,,,,121.46,0.0
2025-01-14,0.597,12672531.0,0.51,2.74,2.23,,,,,119.76,0.0
2025-01-15,0.593,8425419.0,0.34,1.17,-0.67,,,,,118.76,0.0
2025-01-16,0.595,14968367.0,0.6,2.02,0.34,,,,,116.94,0.0
2025-01-17,0.604,23203626.0,0.92,1.85,1.51,,,,,119.62,0.0
2025-01-20,0.604,13917285.0,0.55,1.32,0.0,,,,,120.96,0.0
2025-01-21,0.599,9719277.0,0.39,1.99,-0.83,,,,,126.19,0.0
2025-01-22,0.594,13262481.0,0.53,2.0,-0.83,,,,,123.0,0.0
2025-01-23,0.595,11520869.0,0.46,1.52,0.17,,,,,124.18,0.0
2025-01-24,0.598,10272626.0,0.41,1.01,0.5,,,,,124.79,0.0
2025-01-27,0.604,11259873.0,0.44,1.67,1.0,,,,,120.26,0.0
2025-02-05,0.599,10240935.0,0.41,1.66,-0.83,,,,,130.29,0.0
2025-02-06,0.603,8827287.0,0.35,1.5,0.67,,,,,132.1,0.0
2025-02-07,0.612,16645478.0,0.66,2.32,1.49,,,,,136.15,0.0
2025-02-10,0.614,12155803.0,0.47,0.98,0.33,,,,,141.76,0.0
2025-02-11,0.616,8773839.0,0.34,0.98,0.33,,,,,137.41,0.0
2025-02-12,0.624,17830626.0,0.69,2.11,1.3,,,,,136.08,0.0
2025-02-13,0.623,13170541.0,0.5,1.28,-0.16,,,,,123.83,0.0
2025-02-14,0.622,12665570.0,0.49,1.12,-0.16,,,,,122.54,0.0
2025-02-17,0.62,9363142.0,0.36,1.13,-0.32,,,,,114.85,0.0
2025-02-18,0.619,13920946.0,0.53,1.94,-0.16,,,,,119.5,0.0
2025-02-19,0.623,11766734.0,0.45,1.13,0.65,,,,,112.35,0.0
2025-02-20,0.627,18982642.0,0.73,1.28,0.64,,,,,113.28,0.0
2025-02-21,0.625,15833642.0,0.6,1.44,-0.32,,,,,109.73,0.0
2025-02-24,0.627,15296944.0,0.58,1.12,0.32,,,,,113.21,0.0
2025-02-25,0.617,14455442.0,0.56,1.59,-1.59,,,,,105.55,0.0
2025-02-26,0.625,14368880.0,0.55,1.62,1.3,,,,,99.24,0.0
2025-02-27,0.629,13869276.0,0.53,1.12,0.64,,,,,107.1,0.0
2025-02-28,0.621,17457413.0,0.66,2.38,-1.27,,,,,107.1,0.0
2025-03-03,0.631,19342512.0,0.73,2.74,1.61,,,,,108.32,0.0
2025-03-04,0.628,12361369.0,0.47,1.43,-0.48,,,,,102.51,0.0
2025-03-05,0.625,12714299.0,0.49,0.96,-0.48,,,,,99.01,0.0
2025-03-06,0.628,10874074.0,0.41,1.44,0.48,,,,,92.29,0.0
2025-03-07,0.631,28960880.0,1.1,1.27,0.48,,,,,94.85,0.0
2025-03-10,0.633,12801405.0,0.48,0.79,0.32,,,,,100.66,0.0
2025-03-11,0.638,13927231.0,0.53,2.53,0.79,,,,,106.79,0.0
2025-03-12,0.636,10983718.0,0.41,0.94,-0.31,,,,,103.24,0.0
2025-03-13,0.632,11618797.0,0.44,1.42,-0.63,,,,,100.26,0.0
2025-03-14,0.64,15821477.0,0.59,1.9,1.27,,,,,103.86,0.0
2025-03-17,0.642,11863753.0,0.44,0.78,0.31,,,,,100.86,0.0
2025-03-18,0.643,12909573.0,0.48,0.78,0.16,,,,,98.67,0.0
2025-03-19,0.637,11371870.0,0.43,1.24,-0.93,,,,,107.08,0.0
2025-03-20,0.633,10180572.0,0.38,0.78,-0.63,,,,,103.66,0.0
2025-03-21,0.625,13418427.0,0.51,2.05,-1.26,,,,,103.38,0.0
2025-03-24,0.627,13969240.0,0.53,1.12,0.32,,,,,103.13,0.0
2025-03-25,0.632,22184577.0,0.84,1.75,0.8,,,,,100.46,0.0
2025-03-26,0.63,17523151.0,0.66,0.95,-0.32,,,,,99.15,0.0
2025-03-27,0.631,11870459.0,0.45,1.27,0.16,,,,,99.08,0.0
2025-03-28,0.623,21312480.0,0.82,1.9,-1.27,,,,,98.35,0.0
2025-03-31,0.617,14470042.0,0.56,2.09,-0.96,,,,,98.35,0.0
2025-04-01,0.621,10297030.0,0.4,0.81,0.65,,,,,102.96,0.0
2025-04-02,0.621,10164372.0,0.39,0.81,0.0,,,,,98.78,0.0
2025-04-03,0.612,11940714.0,0.46,1.29,-1.45,,,,,96.06,0.0
2025-04-07,0.551,17842490.0,0.75,8.01,-9.97,,,,,87.94,0.0
2025-04-08,0.565,20970023.0,0.9,2.36,2.54,,,,,87.48,0.0
2025-04-09,0.568,16791014.0,0.72,3.72,0.53,,,,,82.59,0.0
2025-04-10,0.578,19459793.0,0.8,2.46,1.76,,,,,82.9,0.0
2025-04-11,0.58,12012789.0,0.5,1.73,0.35,,,,,83.68,0.0
2025-04-14,0.583,12122357.0,0.5,1.03,0.52,,,,,85.69,0.0
2025-04-15,0.576,10826985.0,0.45,1.54,-1.2,,,,,83.99,0.0
2025-04-16,0.57,12866314.0,0.54,1.91,-1.04,,,,,87.15,0.0
2025-04-17,0.572,10894710.0,0.45,0.88,0.35,,,,,86.75,0.0
2025-04-18,0.572,8995917.0,0.38,0.87,0.0,,,,,86.75,0.0
2025-04-21,0.577,5499485.0,0.23,1.4,0.87,,,,,86.75,0.0
2025-04-22,0.577,11322627.0,0.47,1.04,0.0,,,,,84.0,0.0
2025-04-23,0.583,7714691.0,0.32,0.69,1.04,,,,,83.18,0.0
2025-04-24,0.58,9268980.0,0.38,1.2,-0.51,,,,,81.28,0.0
2025-04-25,0.585,12782937.0,0.52,1.38,0.86,,,,,77.3,0.0
2025-04-28,0.581,12995861.0,0.53,1.54,-0.68,,,,,76.6,0.0
2025-04-29,0.583,9690800.0,0.4,1.2,0.34,,,,,76.4,0.0
2025-04-30,0.583,7544126.0,0.31,0.51,0.0,,,,,77.06,0.0
2025-05-06,0.592,9724477.0,0.39,1.54,1.54,,,,,84.19,0.0
2025-05-07,0.596,11110054.0,0.45,1.01,0.68,,,,,82.53,0.0
2025-05-08,0.595,10441302.0,0.42,0.5,-0.17,,,,,85.43,0.0
2025-05-09,0.591,7132391.0,0.29,1.18,-0.67,,,,,82.64,0.0
2025-05-12,0.599,7483205.0,0.3,1.18,1.35,,,,,84.09,0.0
2025-05-13,0.6,10991859.0,0.44,1.0,0.17,,,,,84.86,0.0
2025-05-14,0.604,9124233.0,0.36,1.5,0.67,,,,,83.03,0.0
2025-05-15,0.598,9483136.0,0.38,1.16,-0.99,,,,,84.74,0.0
2025-05-16,0.597,10049699.0,0.4,0.5,-0.17,,,,,84.02,0.0
2025-05-19,0.595,7106984.0,0.29,1.17,-0.34,,,,,84.21,0.0
2025-05-20,0.598,7932498.0,0.32,0.84,0.5,,,,,89.05,0.0
2025-05-21,0.599,6649580.0,0.27,1.0,0.17,,,,,87.55,0.0
2025-05-22,0.592,7918162.0,0.32,1.0,-1.17,,,,,86.85,0.0
2025-05-23,0.59,9306490.0,0.37,1.18,-0.34,,,,,87.39,0.0
2025-05-26,0.588,8606718.0,0.35,1.02,-0.34,,,,,87.39,0.0
2025-05-27,0.588,7716913.0,0.31,1.02,0.0,,,,,88.08,0.0
2025-05-28,0.584,8354522.0,0.34,1.02,-0.68,,,,,87.3,0.0
2025-05-29,0.59,8814339.0,0.36,1.37,1.03,,,,,83.8,0.0
2025-05-30,0.585,7880225.0,0.32,1.02,-0.85,,,,,83.8,0.0
2025-06-03,0.585,5854851.0,0.24,0.68,0.0,,,,,84.05,0.0
2025-06-04,0.59,4895935.0,0.2,0.85,0.85,,,,,83.46,0.0
2025-06-05,0.592,6982199.0,0.28,0.68,0.34,,,,,86.24,0.0
2025-06-06,0.596,8217098.0,0.33,1.52,0.68,,,,,84.99,0.0
2025-06-09,0.599,8456145.0,0.34,0.67,0.5,,,,,82.27,0.0
2025-06-10,0.595,10841918.0,0.43,1.84,-0.67,,,,,80.72,0.0
2025-06-11,0.6,8676025.0,0.35,1.18,0.84,,,,,83.97,0.0
2025-06-12,0.6,7565339.0,0.3,0.67,0.0,,,,,85.72,0.0
2025-06-13,0.601,10488195.0,0.42,1.0,0.17,,,,,88.81,0.0
2025-06-16,0.6,8653471.0,0.34,1.16,-0.17,,,,,89.15,0.0
2025-06-17,0.599,8210911.0,0.33,0.83,-0.17,,,,,92.54,0.0
2025-06-18,0.596,5587732.0,0.22,1.0,-0.5,,,,,92.09,0.0
2025-06-19,0.59,13413669.0,0.54,1.51,-1.01,,,,,97.53,0.0
2025-06-20,0.589,7102301.0,0.29,1.02,-0.17,,,,,96.33,0.0
2025-06-23,0.591,7271957.0,0.29,0.85,0.34,,,,,96.19,0.0
2025-06-24,0.598,9157525.0,0.37,1.69,1.18,,,,,84.25,0.0
2025-06-25,0.6,11113756.0,0.44,1.0,0.33,,,,,84.9,0.0
2025-06-26,0.599,11578638.0,0.46,1.0,-0.17,,,,,80.45,0.0
2025-06-27,0.603,11765749.0,0.47,1.34,0.67,,,,,78.12,0.0
2025-06-30,0.606,9152263.0,0.36,0.83,0.5,,,,,77.66,0.0
2025-07-01,0.607,8903315.0,0.35,0.99,0.17,,,,,79.87,0.0
2025-07-02,0.61,15912691.0,0.63,0.99,0.49,,,,,79.38,0.0
2025-07-03,0.612,13696043.0,0.54,0.98,0.33,,,,,80.27,0.0
2025-07-04,0.605,15018300.0,0.59,1.14,-1.14,,,,,79.56,0.0
2025-07-07,0.607,11266415.0,0.44,0.5,0.33,,,,,81.18,0.0
2025-07-08,0.614,14345808.0,0.56,1.98,1.15,,,,,82.43,0.0
2025-07-09,0.609,15389710.0,0.6,1.63,-0.81,,,,,82.89,0.0
2025-07-10,0.614,10563388.0,0.41,1.31,0.82,,,,,83.99,0.0
2025-07-11,0.616,13133874.0,0.51,1.14,0.33,,,,,85.56,0.0
2025-07-14,0.615,10896764.0,0.42,0.81,-0.16,,,,,84.77,0.0
2025-07-15,0.611,12767082.0,0.5,1.46,-0.65,,,,,81.99,0.0
2025-07-16,0.611,10195401.0,0.4,0.82,0.0,,,,,83.6,0.0
2025-07-17,0.615,7928229.0,0.31,0.98,0.65,,,,,82.46,0.0
2025-07-18,0.627,23364959.0,0.89,2.44,1.95,,,,,80.43,0.0
2025-07-21,0.644,36502955.0,1.36,2.07,2.71,,,,,80.32,0.0
2025-07-22,0.659,146909074.0,5.37,2.64,2.33,,,,,80.49,0.0
2025-07-23,0.654,111603324.0,4.04,4.55,-0.76,,,,,79.0,0.0
2025-07-24,0.664,44714661.0,1.63,2.45,1.53,,,,,77.9,0.0
2025-07-25,0.662,67001948.0,2.4,1.36,-0.3,,,,,78.92,0.0
2025-07-28,0.661,72432206.0,2.62,1.96,-0.15,,,,,80.3,0.0
2025-07-29,0.66,62778649.0,2.28,1.36,-0.15,,,,,85.6,0.0
2025-07-30,0.668,82792170.0,2.95,1.97,1.21,,,,,86.06,0.0
2025-07-31,0.65,58866712.0,2.15,3.14,-2.69,,,,,86.73,0.0
2025-08-01,0.645,20527813.0,0.76,1.38,-0.77,,,,,83.43,0.0
2025-08-04,0.649,18235821.0,0.68,1.24,0.62,,,,,84.6,0.0
2025-08-05,0.65,26031161.0,0.96,0.62,0.15,,,,,85.0,0.0
2025-08-06,0.656,38257872.0,1.4,1.23,0.92,,,,,81.88,0.0
2025-08-07,0.654,60381320.0,2.21,1.68,-0.3,,,,,81.11,0.0
2025-08-08,0.657,18921651.0,0.69,1.22,0.46,,,,,78.8,0.0
2025-08-11,0.668,32345556.0,1.16,1.83,1.67,,,,,81.37,0.0
2025-08-12,0.669,42871580.0,1.54,1.35,0.15,,,,,79.73,0.0
2025-08-13,0.672,30328340.0,1.08,0.9,0.45,,,,,80.51,0.0
2025-08-14,0.664,38464155.0,1.38,1.93,-1.19,,,,,79.39,0.0
2025-08-15,0.676,65413138.0,2.32,2.56,1.81,,,,,76.12,0.0
2025-08-18,0.683,41193287.0,1.44,1.33,1.04,,,,,76.04,0.0
2025-08-19,0.675,40719712.0,1.44,1.61,-1.17,,,,,76.64,0.0
2025-08-20,0.687,114570884.0,4.02,2.52,1.78,,,,,79.87,0.0
2025-08-21,0.695,93168781.0,3.2,1.75,1.16,,,,,82.46,0.0
2025-08-22,0.704,63985483.0,2.18,1.29,1.29,,,,,83.45,0.0
2025-08-25,0.72,149231025.0,4.99,2.56,2.27,,,,,83.45,0.0
2025-08-26,0.73,210910178.0,6.93,3.19,1.39,,,,,82.43,0.0
2025-08-27,0.717,224409388.0,7.37,2.6,-1.78,,,,,80.8,0.0
2025-08-28,0.72,167608811.0,5.61,2.93,0.42,,,,,78.56,0.0
2025-08-29,0.733,197648138.0,6.47,2.08,1.81,,,,,78.01,0.0
2025-09-01,0.735,194028780.0,6.31,2.32,0.27,,,,,79.33,0.0
2025-09-02,0.72,215036976.0,7.1,3.54,-2.04,,,,,78.35,0.0
2025-09-03,0.71,98382417.0,3.29,2.64,-1.39,,,,,79.12,0.0
2025-09-04,0.704,153666438.0,5.22,3.1,-0.85,,,,,79.62,0.0
2025-09-05,0.727,172409119.0,5.72,3.69,3.27,,,,,78.28,0.0
2025-09-08,0.754,304611485.0,9.78,4.54,3.71,,,,,81.31,0.0
2025-09-09,0.749,274190453.0,8.7,2.39,-0.66,,,,,79.99,0.0
2025-09-10,0.739,223350974.0,7.24,2.14,-1.34,,,,,81.7,0.0
2025-09-11,0.749,142444524.0,4.58,2.44,1.35,,,,,79.21,0.0
2025-09-12,0.746,162798254.0,5.22,1.6,-0.4,,,,,80.09,0.0
2025-09-15,0.747,225173224.0,7.18,1.34,0.13,,,,,78.35,0.0
2025-09-16,0.742,165151506.0,5.35,2.95,-0.67,,,,,79.44,0.0
2025-09-17,0.745,129928110.0,4.18,1.21,0.4,,,,,79.7,0.0
2025-09-18,0.738,238234912.0,7.7,2.55,-0.94,,,,,81.47,0.0
2025-09-19,0.74,91262344.0,2.94,1.49,0.27,,,,,80.35,0.0
2025-09-22,0.73,99109569.0,3.25,2.03,-1.35,,,,,79.26,0.0
2025-09-23,0.723,115405231.0,3.83,2.74,-0.96,,,,,80.58,0.0
2025-09-24,0.732,110382199.0,3.62,2.63,1.24,,,,,83.92,0.0
2025-09-25,0.733,83143358.0,2.7,1.09,0.14,,,,,84.87,0.0
2025-09-26,0.737,89136898.0,2.88,1.77,0.55,,,,,85.3,0.0
2025-09-29,0.756,118772294.0,3.8,2.17,2.58,,,,,83.69,0.0
2025-09-30,0.769,117476211.0,3.67,2.65,1.72,,,,,80.5,0.0
2025-10-09,0.792,135725601.0,4.17,3.64,2.99,,,,,83.22,0.0
2025-10-10,0.784,131764713.0,4.01,1.64,-1.01,,,,,81.59,0.0
2025-10-13,0.773,223987212.0,6.95,2.68,-1.4,,,,,80.05,0.0
2025-10-14,0.753,145352770.0,4.55,5.05,-2.59,,,,,81.23,0.0
2025-10-15,0.757,80987675.0,2.57,1.73,0.53,,,,,81.43,0.0
2025-10-16,0.745,107571620.0,3.44,2.38,-1.59,,,,,81.97,0.0
2025-10-17,0.726,97138223.0,3.17,3.49,-2.55,,,,,80.9,0.0
2025-10-20,0.728,80950992.0,2.65,1.52,0.28,,,,,79.94,0.0
2025-10-21,0.733,96685464.0,3.15,1.24,0.69,,,,,81.32,0.0
2025-10-22,0.727,51213293.0,1.68,1.36,-0.82,,,,,79.48,0.0
2025-10-23,0.742,116270984.0,3.78,3.3,2.06,,,,,81.31,0.0
2025-10-24,0.742,80460001.0,2.59,2.02,0.0,,,,,80.22,0.0
2025-10-27,0.751,157151288.0,5.0,1.35,1.21,,,,,78.5,0.0
2025-10-28,0.749,150338575.0,4.77,1.6,-0.27,,,,,82.52,0.0
2025-10-29,0.771,126121125.0,3.95,3.07,2.94,,,,,83.57,0.0
2025-10-30,0.769,95811207.0,2.97,1.56,-0.26,,,,,81.59,0.0
2025-10-31,0.771,117201635.0,3.59,2.21,0.26,,,,,81.02,0.0
2025-11-03,0.768,116391837.0,3.65,2.33,-0.39,,,,,82.74,0.0
2025-11-04,0.754,93396261.0,2.94,3.13,-1.82,,,,,84.66,0.0
2025-11-05,0.754,74719933.0,2.38,3.05,0.0,,,,,82.68,0.0
2025-11-06,0.774,137359153.0,4.26,2.79,2.65,,,,,82.51,0.0
2025-11-07,0.801,220792582.0,6.63,4.13,3.49,,,,,81.07,0.0
2025-11-10,0.816,380209971.0,11.06,2.5,1.87,,,,,80.52,0.0
2025-11-11,0.818,187415755.0,5.48,1.59,0.25,,,,,81.19,0.0
2025-11-12,0.811,188128427.0,5.55,2.44,-0.86,,,,,81.12,0.0
2025-11-13,0.843,543269148.0,15.44,4.07,3.95,,,,,80.14,0.0
2025-11-14,0.83,246063864.0,7.04,2.25,-1.54,,,,,81.79,0.0
2025-11-17,0.839,162143453.0,4.63,2.53,1.08,,,,,82.61,0.0
2025-11-18,0.81,353634952.0,10.37,4.05,-3.46,,,,,82.78,0.0
2025-11-19,0.82,154283410.0,4.52,2.35,1.23,,,,,81.05,0.0
2025-11-20,0.809,143394204.0,4.16,3.41,-1.34,,,,,80.52,0.0
2025-11-21,0.774,218156246.0,6.66,3.21,-4.33,,,,,78.76,0.0
2025-11-24,0.767,164458202.0,5.14,2.84,-0.9,,,,,77.57,0.0
2025-11-25,0.776,119890965.0,3.71,1.56,1.17,,,,,77.79,0.0
2025-11-26,0.772,78599860.0,2.43,1.16,-0.52,,,,,77.07,0.0
2025-11-27,0.782,113121328.0,3.46,2.07,1.3,,,,,76.55,0.0
2025-11-28,0.793,97187029.0,2.94,2.05,1.41,,,,,75.0,0.0
2025-12-01,0.801,105420773.0,3.14,1.64,1.01,,,,,73.85,0.0
2025-12-02,0.791,86556423.0,2.6,1.25,-1.25,,,,,73.16,0.0
2025-12-03,0.794,111057834.0,3.33,1.64,0.38,,,,,72.98,0.0
2025-12-04,0.79,132056409.0,4.0,1.39,-0.5,,,,,70.07,0.0
2025-12-05,0.801,85266231.0,2.55,2.15,1.39,,,,,71.0,0.0
2025-12-08,0.802,111748175.0,3.34,1.75,0.12,,,,,70.09,0.0
2025-12-09,0.79,99267849.0,2.99,1.87,-1.5,,,,,71.98,0.0
2025-12-10,0.793,70282730.0,2.13,1.65,0.38,,,,,70.11,0.0
2025-12-11,0.788,63672157.0,1.92,1.77,-0.63,,,,,70.55,0.0
2025-12-12,0.787,114549493.0,3.49,1.9,-0.13,,,,,72.81,0.0
2025-12-15,0.788,70312580.0,2.13,2.03,0.13,,,,,71.96,0.0
2025-12-16,0.776,104602696.0,3.23,2.16,-1.52,,,,,70.98,0.0
2025-12-17,0.803,115515577.0,3.47,3.99,3.48,,,,,72.41,0.0
2025-12-18,0.8,307466400.0,9.11,2.49,-0.37,,,,,74.03,0.0
2025-12-19,0.814,111598690.0,3.29,2.0,1.75,,,,,74.98,0.0
2025-12-22,0.827,101318960.0,2.94,1.97,1.6,,,,,73.4,0.0
2025-12-23,0.831,155479007.0,4.46,1.81,0.48,,,,,73.03,0.0
2025-12-24,0.846,210732837.0,6.01,2.05,1.81,,,,,73.82,0.0
2025-12-25,0.852,145226883.0,4.08,1.77,0.71,,,,,73.82,0.0
2025-12-26,0.871,145489216.0,4.02,2.11,2.23,,,,,73.82,0.0
2025-12-29,0.86,490099075.0,13.53,1.72,-1.26,,,,,74.35,0.0
2025-12-30,0.877,141707788.0,3.88,3.72,1.98,,,,,71.7,0.0
2025-12-31,0.875,144919526.0,3.95,1.14,-0.23,,,,,74.61,0.0
2026-01-05,0.888,147491608.0,3.99,1.71,1.49,,,,,71.11,0.0
2026-01-06,0.918,310567210.0,8.16,4.17,3.38,,,,,72.87,0.0
2026-01-07,0.914,199537694.0,5.19,1.53,-0.44,,,,,73.48,0.0
2026-01-08,0.905,272054661.0,7.17,1.86,-0.98,,,,,71.49,0.0
2026-01-09,0.907,227350860.0,6.0,1.66,0.22,,,,,73.49,0.0
2026-01-12,0.9,197497763.0,5.24,1.98,-0.77,,,,,79.35,0.0
2026-01-13,0.903,141776847.0,3.74,2.11,0.33,,,,,81.16,0.0
2026-01-14,0.908,181847600.0,4.78,2.44,0.55,,,,,83.77,0.0
2026-01-15,0.921,311689581.0,8.09,3.19,1.43,,,,,87.87,0.0
2026-01-16,0.915,318458877.0,8.25,2.5,-0.65,,,,,98.39,0.0
2026-01-19,0.943,347580702.0,8.9,3.93,3.06,,,,,91.82,0.0
2026-01-20,0.955,376462294.0,9.49,3.08,1.27,,,,,90.58,0.0
2026-01-21,0.964,398730226.0,9.94,2.09,0.94,,,,,105.29,0.0
2026-01-22,0.975,542640815.0,13.33,1.97,1.14,,,,,100.92,0.0
2026-01-23,0.985,402546617.0,9.8,1.64,1.03,,,,,102.97,0.0
2026-01-26,0.985,619398020.0,14.98,2.23,0.0,,,,,103.8,0.0
2026-01-27,0.969,539773671.0,13.26,3.25,-1.62,,,,,102.92,0.0
2026-01-28,0.993,691108225.0,16.72,3.3,2.48,,,,,90.36,0.0
2026-01-29,0.985,536035656.0,12.93,2.52,-0.81,,,,,93.59,0.0
2026-01-30,0.974,731929275.0,18.04,5.18,-1.12,,,,,96.24,0.0
2026-02-02,0.906,785687984.0,20.18,5.54,-6.98,,,,,79.87,0.0
2026-02-03,0.942,477805956.0,12.22,3.2,3.97,,,,,78.46,0.0
2026-02-04,0.945,229453198.0,5.82,1.91,0.32,,,,,79.83,0.0
2026-02-05,0.927,274213818.0,7.03,3.07,-1.9,,,,,81.3,0.0
2026-02-06,0.949,446270786.0,11.25,5.72,2.37,,,,,83.9,0.0
2026-02-09,0.963,222317283.0,5.54,1.48,1.48,,,,,79.01,0.0
2026-02-10,0.961,209387515.0,5.24,1.66,-0.21,,,,,74.35,0.0
2026-02-11,0.982,327431379.0,7.98,3.54,2.19,,,,,75.54,0.0
2026-02-12,0.984,267105573.0,6.49,1.32,0.2,,,,,75.61,0.0
2026-02-13,0.965,241900566.0,5.96,1.63,-1.93,,,,,75.85,0.0
2026-02-24,0.998,350743895.0,8.47,2.59,3.42,,,,,73.39,0.0
2026-02-25,1.014,729847810.0,17.19,3.11,1.6,,,,,74.5,0.0
2026-02-26,1.017,525322825.0,12.35,2.07,0.3,,,,,77.5,0.0
2026-02-27,1.024,461941210.0,10.83,2.75,0.69,,,,,77.91,0.0
2026-03-02,1.044,571461772.0,13.22,2.93,1.95,,,,,110.72,0.0
2026-03-03,1.01,684724773.0,16.03,4.31,-3.26,,,,,138.42,0.0
2026-03-04,0.993,380688977.0,9.14,2.67,-1.68,,,,,128.46,0.0
2026-03-05,1.002,315648873.0,7.55,1.91,0.91,,,,,130.0,0.0
2026-03-06,1.021,329489855.0,7.77,4.19,1.9,,,,,135.4,0.0
2026-03-09,1.005,601685237.0,14.23,5.58,-1.57,,,,,143.35,0.0
2026-03-10,0.999,314417256.0,7.53,1.99,-0.6,,,,,119.34,0.0
2026-03-11,1.022,446890102.0,10.59,3.5,2.3,,,,,125.5,0.0
2026-03-12,1.021,399383629.0,9.31,2.54,-0.1,,,,,127.02,0.0
2026-03-13,1.018,511959256.0,11.86,3.13,-0.29,,,,,128.72,0.0
2026-03-16,0.984,476770975.0,11.48,4.81,-3.34,,,,,129.75,0.0
2026-03-17,0.959,772042979.0,18.96,3.56,-2.54,,,,,131.08,0.0
2026-03-18,0.955,478577486.0,12.02,2.29,-0.42,,,,,140.07,0.0
2026-03-19,0.914,453545097.0,11.74,4.82,-4.29,,,,,156.22,0.0
2026-03-20,0.903,300576014.0,7.86,2.84,-1.2,,,,,150.5,0.0
2026-03-23,0.892,369924096.0,9.87,3.54,-1.22,,,,,143.0,0.0
2026-03-24,0.899,233313814.0,6.27,3.25,0.78,,,,,133.27,0.0
2026-03-25,0.914,217384706.0,5.69,2.78,1.67,,,,,131.52,0.0
2026-03-26,0.914,262493360.0,6.81,2.84,0.0,,,,,139.44,0.0
2026-03-27,0.939,360759454.0,9.27,4.49,2.74,,,,,135.7,0.0
2026-03-30,0.946,218308766.0,5.54,2.02,0.75,,,,,137.75,0.0
2026-03-31,0.92,155523115.0,4.0,3.07,-2.75,,,,,137.75,0.0
2026-04-01,0.931,173090319.0,4.44,1.63,1.2,,,,,119.69,0.0
2026-04-02,0.921,149693603.0,3.87,2.36,-1.07,,,,,126.55,0.0
2026-04-03,0.907,133452087.0,3.51,2.61,-1.52,,,,,126.55,0.0
2026-04-07,0.94,203862306.0,5.22,3.75,3.64,,,,,132.92,0.0
2026-04-08,0.954,406710399.0,10.22,3.4,1.49,,,,,114.21,0.0
2026-04-09,0.956,339885621.0,8.49,2.2,0.21,,,,,112.47,0.0
2026-04-10,0.964,223394415.0,5.54,2.09,0.84,,,,,110.19,0.0
2026-04-13,0.963,245117406.0,6.09,2.39,-0.1,,,,,116.09,0.0
2026-04-14,0.968,196011630.0,4.88,1.87,0.52,,,,,106.5,0.0
2026-04-15,0.953,169987229.0,4.24,2.48,-1.55,,,,,103.91,0.0
2026-04-16,0.965,157940243.0,3.92,1.89,1.26,,,,,106.2,0.0
2026-04-17,0.954,151479883.0,3.78,1.76,-1.14,,,,,98.4,0.0
2026-04-20,0.954,179147570.0,4.48,1.68,0.0,,,,,98.99,0.0
2026-04-21,0.966,211851836.0,5.29,3.46,1.26,,,,,108.29,0.0
2026-04-22,0.965,190225925.0,4.71,1.24,-0.1,,,,,110.0,0.0
2026-04-23,0.954,237609664.0,5.94,2.18,-1.14,,,,,110.94,0.0
2026-04-24,0.979,276253692.0,6.8,3.56,2.62,,,,,111.4,0.0
2026-04-27,0.984,242763799.0,5.9,1.12,0.51,,,,,110.79,0.0
2026-04-28,0.983,190946212.0,4.64,1.73,-0.1,,,,,107.65,0.0
2026-04-29,1.017,259121660.0,6.17,4.37,3.46,,,,,117.5,0.0
2026-04-30,1.013,271346697.0,6.39,2.06,-0.39,,,,,113.43,0.0
2026-05-06,1.028,250684797.0,5.89,2.86,1.48,,,,,108.32,0.0
2026-05-07,0.995,291443032.0,6.98,3.79,-3.21,,,,,108.25,0.0
2026-05-08,0.98,235101264.0,5.71,2.41,-1.51,,,,,107.07,0.0
2026-05-11,0.982,199371308.0,4.84,1.22,0.2,,,,,113.83,0.0
2026-05-12,0.978,231658480.0,5.68,1.73,-0.41,,,,,114.71,0.0
2026-05-13,0.979,182750287.0,4.46,1.23,0.1,,,,,114.59,0.0
2026-05-14,0.953,372643967.0,9.2,3.27,-2.66,,,,,117.0,0.0
2026-05-15,0.954,374371534.0,9.36,2.2,0.1,,,,,124.6,0.0
2026-05-18,0.936,393598889.0,10.05,2.52,-1.89,,,,,123.8,0.0
2026-05-19,0.925,172348208.0,4.48,2.67,-1.18,,,,,127.19,0.0
2026-05-20,0.934,257333249.0,6.6,3.03,0.97,,,,,120.0,0.0
2026-05-21,0.911,419802904.0,10.76,4.18,-2.46,26.69,27.55,1.62,1.5,120.38,0.0
2026-05-22,0.927,161163254.0,4.19,2.41,1.76,27.04,27.97,1.6,1.47,116.3,0.0
2026-05-25,0.9,224485812.0,5.91,3.56,-2.91,26.39,27.22,1.64,1.51,116.3,0.0
2026-05-26,0.912,199743598.0,5.29,3.22,1.33,26.75,27.56,1.62,1.49,114.26,0.0
2026-05-27,0.897,146123213.0,3.87,2.85,-1.64,26.22,27.05,1.65,1.52,112.91,0.0
2026-05-28,0.888,170565066.0,4.61,2.9,-1.0,25.98,26.81,1.67,1.54,113.75,0.0
2026-05-29,0.868,171628591.0,4.67,2.59,-2.25,25.37,26.15,1.48,1.42,113.75,0.0
2026-06-01,0.882,175428514.0,4.73,3.46,1.61,25.78,26.54,1.45,1.4,117.52,0.0
2026-06-02,0.886,172993260.0,4.69,2.38,0.45,25.87,26.61,1.45,1.4,115.1,0.0
2026-06-03,0.886,157289252.0,4.25,1.81,0.0,25.83,26.56,1.45,1.4,120.34,0.0
2026-06-04,0.866,179615508.0,4.95,2.26,-2.26,25.27,26.04,1.48,1.43,118.37,0.0
2026-06-05,0.869,212026363.0,5.79,3.12,0.35,25.43,26.14,1.48,1.42,118.05,0.0
2026-06-08,0.842,264459020.0,7.41,3.8,-3.11,24.75,25.39,1.52,1.47,121.49,0.0
2026-06-09,0.857,173612876.0,4.9,2.97,1.78,25.02,25.78,1.5,1.44,118.5,0.0
2026-06-10,0.861,191957917.0,5.34,2.33,0.47,25.1,25.82,1.5,1.44,122.1,0.0
2026-06-11,0.87,167805099.0,4.64,2.79,1.05,25.31,26.09,1.48,1.43,120.42,0.0
2026-06-12,0.9,210067107.0,5.66,4.94,3.45,26.14,26.98,1.44,1.38,111.0,0.0
2026-06-15,0.925,506531639.0,13.11,2.11,2.78,27.72,28.47,1.4,1.36,100.36,0.0
2026-06-16,0.916,320955553.0,8.34,2.16,-0.97,27.43,28.27,1.41,1.37,100.11,0.0
